19,1571936125547582561.png,1,1571936122547664626.png,-0.046261385,-0.0501595,-0.00090613216,0.0039191702,-0.007774598,1.9170141,1.8508977,1.2211146,0.017772496,0.029341042,0.018701255,49.78869
20,1571936125714096753.png,1,1571936122547664626.png,-0.046253994,-0.050114684,-0.0008639917,0.003868104,-0.0077665662,1.9158854,1.8514907,1.2217855,0.017828107,0.02941686,0.018755257,49.761833
21,1571936125881015578.png,1,1571936122547664626.png,-0.12531327,-0.03765498,-0.017798873,0.0038608843,-0.0077624163,1.9163531,1.116561,0.37827623,0.0061057806,0.029382706,0.018731296,49.77379
22,1571936126047444142.png,1,1571936122547664626.png,-0.12528515,-0.03764927,-0.017791005,0.0038245702,-0.00775293,1.9157434,1.1169915,0.37856233,0.006119728,0.029423475,0.018760264,49.759415
23,1571936126214206575.png,1,1571936122547664626.png,0.053995267,-0.028877817,0.0036675348,0.0038644904,-0.00775868,1.9165301,1.1120334,0.55182445,0.010050058,0.029368937,0.018721819,49.778557
24,1571936126381138743.png,1,1571936122547664626.png,-0.04627648,-0.050181024,-0.0008783825,0.0038567195,-0.007759028,1.9165848,1.8512864,1.221426,0.017799854,0.029365718,0.018719137,49.77984
26,1571936126714112657.png,1,1571936122547664626.png,-0.046259806,-0.050146393,-0.0008923337,0.0039676214,-0.00778751,1.9171908,1.8507525,1.2210596,0.017767131,0.029332101,0.01869589,49.79163
27,1571936126880908584.png,1,1571936122547664626.png,0.011269659,0.018746123,-0.10349906,0.0037441486,-0.0077215517,1.915881,0.33407986,0.22971296,0.010738134,0.029405951,0.018746316,49.76593
28,1571936127047716173.png,1,1571936122547664626.png,-0.0212433,0.06491462,-0.056206137,0.0038871476,-0.007766816,1.9168124,0.41638505,0.16151601,0.003931761,0.02935177,0.018708944,49.784832
29,1571936127214525602.png,1,1571936122547664626.png,-0.046263173,-0.050197072,-0.0009022653,0.0038736025,-0.007761148,1.9170778,1.8510542,1.2211808,0.01777929,0.029331923,0.018694818,49.791878
31,1571936127547670321.png,1,1571936122547664626.png,-0.0688664,-0.0062446725,-0.01509078,0.003926457,-0.0077718245,1.9158843,0.3060708,0.16142088,0.0063021183,0.029420435,0.01875794,49.76053
32,1571936127714594364.png,1,1571936122547664626.png,-0.12521996,-0.03768432,-0.01774002,0.003959016,-0.007762584,1.9174445,1.116138,0.37791342,0.0060895085,0.029313326,0.01868105,49.798767
133,1571936144747837130.png,1,1571936122547664626.png,0.012760956,-0.039844193,0.058136597,0.0024477327,-0.007826458,1.8890171,0.32023072,0.17997068,0.011500418,0.031247377,0.02004683,49.149933
20,1571936125714096753.png,2,1571936122713895680.png,-0.12508976,-0.037666474,-0.017739525,0.0039378637,-0.0077871764,1.915211,1.1170349,0.37857234,0.00612098,0.029471934,0.018795133,49.74231
21,1571936125881015578.png,2,1571936122713895680.png,-0.046191514,-0.050008453,-0.00084200874,0.0039079497,-0.0077793477,1.9149334,1.8515542,1.2222801,0.0178653,0.029488385,0.018806756,49.736515
22,1571936126047444142.png,2,1571936122713895680.png,-0.12508029,-0.037658587,-0.017738657,0.0038725147,-0.007771359,1.9144442,1.1176021,0.37895358,0.0061393976,0.02952075,0.018829823,49.72513
23,1571936126214206575.png,2,1571936122713895680.png,-0.12508939,-0.03769252,-0.01773077,0.003939093,-0.0077832406,1.9153417,1.1169766,0.37853336,0.006119013,0.029461205,0.01878798,49.74598
24,1571936126381138743.png,2,1571936122713895680.png,-0.021092158,0.06487302,-0.056167454,0.003925995,-0.0077818343,1.9156113,0.4168294,0.16173041,0.003944099,0.02944225,0.018774033,49.752785
27,1571936126880908584.png,2,1571936122713895680.png,-0.046238884,-0.050136372,-0.0008751154,0.0038466314,-0.007757441,1.915942,1.8514886,1.2218045,0.017829537,0.029409707,0.018750072,49.76435
28,1571936127047716173.png,2,1571936122713895680.png,-0.04618635,-0.050042845,-0.00088313967,0.0039902115,-0.0077949027,1.9161974,1.8507726,1.2214962,0.017800033,0.02940631,0.018748283,49.765564
29,1571936127214525602.png,2,1571936122713895680.png,-0.12520008,-0.03772526,-0.017736698,0.003998787,-0.0077967485,1.9169867,1.1159424,0.3778383,0.0060857534,0.029350698,0.018708944,49.785202
32,1571936127714594364.png,2,1571936122713895680.png,-0.04613301,-0.049992867,-0.00089874864,0.004037299,-0.007795955,1.9156976,1.8508365,1.2219605,0.017832398,0.029444575,0.018775284,49.752193
34,1571936128048574531.png,2,1571936122713895680.png,-0.046185046,-0.050282426,-0.0009149462,0.004028217,-0.0077460175,1.9180869,1.8506838,1.2212019,0.017771423,0.029275239,0.018652081,49.81295
133,1571936144747837130.png,2,1571936122713895680.png,-0.12321424,-0.037004948,-0.01730776,0.0025751153,-0.007855547,1.8866334,1.1381053,0.39163542,0.006777227,0.0314371,0.020182192,49.087227
234,1571936161648465362.png,2,1571936122713895680.png,-0.12227803,-0.036928788,-0.016874114,0.0026858533,-0.00790532,1.877488,1.142537,0.39481938,0.0069438815,0.03211552,0.02066946,48.866558
21,1571936125881015578.png,3,1571936122880751895.png,-0.04613035,-0.049884953,-0.0008003488,0.0037357667,-0.007747882,1.91183,1.853024,1.2240798,0.01801318,0.029695451,0.018952847,49.66417
22,1571936126047444142.png,3,1571936122880751895.png,-0.068921745,-0.0061847325,-0.015012531,0.0037157917,-0.007743274,1.9116898,0.30754387,0.16239506,0.0063838363,0.02970475,0.018959463,49.660965
23,1571936126214206575.png,3,1571936122880751895.png,-0.12507352,-0.037668437,-0.017722076,0.0037444914,-0.007745956,1.9122732,1.1189264,0.37984657,0.006182492,0.029662907,0.018929958,49.67545
26,1571936126714112657.png,3,1571936122880751895.png,-0.04607734,-0.049810104,-0.0008072853,0.0038126567,-0.0077650333,1.9115268,1.8528414,1.224265,0.018024266,0.02972442,0.018973768,49.654137
27,1571936126880908584.png,3,1571936122880751895.png,-0.12518059,-0.037673272,-0.01775402,0.0036254907,-0.007715295,1.9117506,1.1193926,0.38013732,0.006196797,0.02969116,0.018948197,49.665977
28,1571936127047716173.png,3,1571936122880751895.png,-0.12502666,-0.037684694,-0.01769139,0.0037889117,-0.007760267,1.912124,1.1189092,0.3798144,0.0061815977,0.029679716,0.018941224,49.66986
32,1571936127714594364.png,3,1571936122880751895.png,-0.04605431,-0.04982026,-0.00084027275,0.0038314397,-0.0077571096,1.9116819,1.852763,1.2243344,0.018026233,0.029712975,0.018964648,49.65835
35,1571936128215761463.png,3,1571936122880751895.png,-0.1243697,-0.037492063,-0.017541962,0.0035936618,-0.007666978,1.9048942,1.1243119,0.38314712,0.00634861,0.030188441,0.019296885,49.495594
22,1571936126047444142.png,4,1571936123047442468.png,-0.04609357,-0.049829096,-0.0007867664,0.003702865,-0.007743786,1.9108496,1.853378,1.2246312,0.018057883,0.029764295,0.019001663,49.64022
23,1571936126214206575.png,4,1571936123047442468.png,-0.04611495,-0.04988911,-0.0008103177,0.003740796,-0.0077468017,1.911851,1.8529451,1.224077,0.018012106,0.029693663,0.018951595,49.66481
24,1571936126381138743.png,4,1571936123047442468.png,-0.06892188,-0.006187631,-0.015025726,0.003750489,-0.007752196,1.9121456,0.3073402,0.1622538,0.0063720345,0.029674709,0.018937826,49.671577
26,1571936126714112657.png,4,1571936123047442468.png,-0.06874542,-0.0061504263,-0.015089946,0.003845089,-0.0077761738,1.9118562,0.30736488,0.16230369,0.0063738227,0.029704392,0.018959284,49.66128
27,1571936126880908584.png,4,1571936123047442468.png,-0.046116777,-0.049924493,-0.00079516694,0.0036331052,-0.0077187316,1.9113709,1.8534744,1.2244213,0.018042862,0.029719055,0.018968046,49.65631
28,1571936127047716173.png,4,1571936123047442468.png,-0.124999665,-0.037706107,-0.017673282,0.0037870416,-0.007763217,1.9117005,1.1191124,0.379941,0.006187856,0.029710293,0.01896286,49.65929
29,1571936127214525602.png,4,1571936123047442468.png,-0.12506263,-0.03771777,-0.017686417,0.0037959898,-0.0077645658,1.9124489,1.11867,0.3796497,0.006173551,0.029657006,0.01892513,49.6779
31,1571936127547670321.png,4,1571936123047442468.png,-0.1248386,-0.037657738,-0.017641762,0.003813819,-0.007762783,1.9108527,1.1197168,0.3803079,0.006206274,0.029772699,0.019007564,49.63741
32,1571936127714594364.png,4,1571936123047442468.png,0.01142339,0.018903516,-0.103405856,0.0038585002,-0.0077632098,1.9123275,0.33531404,0.2306385,0.010832548,0.029669166,0.018933535,49.67376
133,1571936144747837130.png,4,1571936123047442468.png,-0.04563435,-0.049110852,-0.00015799701,0.0025761137,-0.007850991,1.888117,1.864951,1.2406211,0.019346416,0.031328738,0.020104408,49.123085
23,1571936126214206575.png,5,1571936123214507827.png,-0.04610408,-0.049866572,-0.0007949434,0.0037138471,-0.007743203,1.9113516,1.8531604,1.2243583,0.018035352,0.029726565,0.018975556,49.65316
24,1571936126381138743.png,5,1571936123214507827.png,-0.046112195,-0.049875893,-0.00080708414,0.0037311325,-0.0077482117,1.9117398,1.8529601,1.2240833,0.018013,0.02970171,0.018957317,49.662018
25,1571936126548607381.png,5,1571936123214507827.png,-0.12505886,-0.037688978,-0.0177128,0.0037363255,-0.007751626,1.9118123,1.119108,0.37996888,0.0061885715,0.029697418,0.018954277,49.66349
26,1571936126714112657.png,5,1571936123214507827.png,-0.124934725,-0.03767486,-0.017675625,0.0038377652,-0.0077737113,1.912122,1.1189007,0.37980705,0.0061815977,0.029683292,0.0189448,49.6684
27,1571936126880908584.png,5,1571936123214507827.png,-0.12516241,-0.0376836,-0.017745642,0.0036213556,-0.0077167777,1.9115764,1.1195047,0.38020796,0.0062001944,0.029702783,0.01895696,49.661854
28,1571936127047716173.png,5,1571936123214507827.png,-0.046094775,-0.04985802,-0.00082648546,0.0037841806,-0.0077614905,1.9120951,1.852622,1.2238587,0.017992258,0.029681504,0.018942654,49.669235
29,1571936127214525602.png,5,1571936123214507827.png,-0.046108052,-0.049877934,-0.00083175674,0.003772893,-0.0077581285,1.9122952,1.8526216,1.2237715,0.017985642,0.029665947,0.018931568,49.67465
30,1571936127382252490.png,5,1571936123214507827.png,-0.046085253,-0.049839705,-0.0008197352,0.0038079629,-0.0077641634,1.9120495,1.8525428,1.2239095,0.01799494,0.029686153,0.01894641,49.66746
31,1571936127547670321.png,5,1571936123214507827.png,-0.04606624,-0.049812667,-0.00081478804,0.0038043195,-0.0077593448,1.9114916,1.852811,1.224324,0.018027306,0.02972567,0.018974304,49.65373
32,1571936127714594364.png,5,1571936123214507827.png,-0.12497673,-0.03767639,-0.017659312,0.0038761878,-0.0077648917,1.913363,1.1183742,0.3794031,0.006162107,0.029596925,0.018882394,49.698967
133,1571936144747837130.png,5,1571936123214507827.png,-0.04559935,-0.049058817,-0.00014375523,0.0025177458,-0.007844604,1.886853,1.8655314,1.2414154,0.019414008,0.03141707,0.02016735,49.094112
35,1571936128215761463.png,6,1571936123381140820.png,-0.12459161,-0.03750966,-0.017604398,0.003488996,-0.007644969,1.906184,1.1239074,0.38286227,0.0063335896,0.030083835,0.019222498,49.53167
27,1571936126880908584.png,8,1571936123714220502.png,-0.12512045,-0.037690464,-0.017750883,0.0034917155,-0.007699237,1.9092731,1.1207846,0.38110864,0.0062434673,0.02985692,0.019067466,49.607746
27,1571936126880908584.png,9,1571936123881291961.png,-0.046100482,-0.049805336,-0.00074411184,0.0035264054,-0.007710534,1.9090778,1.8544853,1.2256725,0.018148005,0.029873371,0.019079447,49.602005
28,1571936127047716173.png,9,1571936123881291961.png,-0.046050817,-0.049758486,-0.00077111647,0.0036774585,-0.0077460604,1.9098384,1.8536679,1.2251533,0.018100977,0.029832602,0.019051373,49.616142
29,1571936127214525602.png,9,1571936123881291961.png,-0.04605443,-0.049764447,-0.00077327713,0.0036700154,-0.007743784,1.9098717,1.8536868,1.2251533,0.018100977,0.029828846,0.019049048,49.617382
31,1571936127547670321.png,9,1571936123881291961.png,-0.04602377,-0.049721293,-0.0007581748,0.0036814893,-0.007742132,1.9092593,1.8538802,1.2255968,0.01813531,0.029873013,0.019080698,49.60199
32,1571936127714594364.png,9,1571936123881291961.png,-0.046055473,-0.04983075,-0.00083921105,0.003800475,-0.0077588344,1.9116354,1.8528001,1.2242811,0.018024802,0.029712439,0.0189659,49.658146
33,1571936127881339827.png,9,1571936123881291961.png,0.05396316,-0.028861955,0.0035046502,0.003775292,-0.0077313585,1.9134253,1.1140065,0.55345416,0.010148227,0.02958244,0.018871307,49.704266
34,1571936128048574531.png,9,1571936123881291961.png,-0.12503181,-0.037657708,-0.017703207,0.0037669996,-0.007707675,1.9137965,1.1187065,0.37956852,0.0061703324,0.02955401,0.018850744,49.714245
133,1571936144747837130.png,9,1571936123881291961.png,-0.020916235,0.06387091,-0.054728717,0.0025842274,-0.007848523,1.8889172,0.43009114,0.16913205,0.0043644905,0.03126526,0.020059884,49.143734
28,1571936127047716173.png,10,1571936124047976196.png,-0.04604712,-0.049756005,-0.0007686168,0.003672921,-0.007745371,1.9098399,1.8536742,1.2251505,0.018101156,0.029831707,0.019050837,49.61641
29,1571936127214525602.png,10,1571936124047976196.png,-0.04605779,-0.049768105,-0.00076862425,0.0036455402,-0.007738118,1.909725,1.8538654,1.2252821,0.0181126,0.029836357,0.019054413,49.614704
32,1571936127714594364.png,10,1571936124047976196.png,-0.124908306,-0.037680622,-0.017665235,0.003783592,-0.0077560814,1.9114866,1.1194253,0.380152,0.006198406,0.0297212,0.018972337,49.654987
34,1571936128048574531.png,10,1571936124047976196.png,-0.046080157,-0.050067745,-0.0008402355,0.003772148,-0.0077121286,1.9133434,1.8527974,1.2238076,0.017987251,0.02958566,0.018873274,49.70319
133,1571936144747837130.png,10,1571936124047976196.png,-0.045616567,-0.049133666,-0.00017408282,0.0025944272,-0.007856623,1.8882115,1.8648627,1.2405689,0.019341052,0.03131962,0.020098507,49.12609
32,1571936127714594364.png,11,1571936124215028434.png,-0.046069086,-0.049834475,-0.00080976635,0.00374508,-0.007749998,1.9111822,1.8531415,1.22452,0.018046796,0.02973926,0.018985212,49.64866
34,1571936128048574531.png,11,1571936124215028434.png,-0.046099246,-0.050132923,-0.0008377619,0.003758506,-0.007707455,1.9140923,1.8525872,1.2233559,0.017952919,0.029531479,0.01883465,49.7223
133,1571936144747837130.png,11,1571936124215028434.png,-0.1232216,-0.037012864,-0.017316913,0.002520726,-0.007847627,1.8860795,1.1385252,0.39191258,0.006791532,0.0314734,0.02020812,49.075363
33,1571936127881339827.png,12,1571936124380804471.png,-0.04601939,-0.04975208,-0.00082222,0.0038360292,-0.0077719213,1.9109511,1.8528628,1.2245826,0.018047333,0.0297634,0.019001842,49.64045
34,1571936128048574531.png,12,1571936124380804471.png,0.011355956,0.018859357,-0.10338151,0.00378275,-0.0077420594,1.912592,0.335348,0.23068321,0.010838807,0.029639125,0.018912792,49.68403
31,1571936127547670321.png,13,1571936124547497778.png,-0.046015985,-0.049674384,-0.00066404045,0.020582603,0.11492486,2.9931087,1.8548748,1.2266951,0.018229902,0.005283594,0.0043011904,27.842438
32,1571936127714594364.png,13,1571936124547497778.png,-0.12477829,-0.037653223,-0.017664304,0.0036827186,-0.007736829,1.9092712,1.1207861,0.3810836,0.0062434673,0.029872477,0.019080877,49.60199
33,1571936127881339827.png,13,1571936124547497778.png,-0.124946125,-0.037715543,-0.017668275,0.0037643472,-0.007741182,1.9118111,1.1192933,0.38003898,0.006192863,0.02969563,0.018953204,49.664143
34,1571936128048574531.png,13,1571936124547497778.png,-0.12505196,-0.037702058,-0.017703088,0.0037555257,-0.007716627,1.9136059,1.1186274,0.3795476,0.0061690807,0.029564917,0.018859506,49.710197
133,1571936144747837130.png,13,1571936124547497778.png,-0.045447364,-0.048744537,-0.00014907867,0.0026702294,-0.007879459,1.8844938,1.8655272,1.2423373,0.019487679,0.03160286,0.020300746,49.032814
234,1571936161648465362.png,13,1571936124547497778.png,-0.122267224,-0.036931016,-0.01687895,0.0024815882,-0.007889795,1.8764043,1.1437218,0.3956167,0.0069850087,0.03216791,0.020709157,48.8499
33,1571936127881339827.png,14,1571936124714136405.png,-0.04604215,-0.04981839,-0.00082076713,0.0037605176,-0.0077494523,1.9110506,1.8531207,1.224602,0.01805234,0.029748917,0.018991292,49.64549
34,1571936128048574531.png,14,1571936124714136405.png,-0.046087474,-0.049988143,-0.0008293502,0.0037426064,-0.007723051,1.912471,1.8530555,1.2241192,0.018014431,0.029644668,0.01891601,49.6822
133,1571936144747837130.png,14,1571936124714136405.png,-0.06676729,-0.0063803066,-0.015219307,0.0027038911,-0.007882175,1.8864682,0.31789201,0.1692996,0.0069696307,0.031454086,0.02019471,49.08173
33,1571936127881339827.png,15,1571936124880859228.png,-0.021057595,0.06476536,-0.055955246,0.0037553543,-0.0077487836,1.910844,0.41884983,0.16288948,0.0040088296,0.029764831,0.019002378,49.639996
34,1571936128048574531.png,15,1571936124880859228.png,-0.04609178,-0.04998386,-0.0008331686,0.0037415037,-0.0077249287,1.9125845,1.8529613,1.2240016,0.018004954,0.029637873,0.018911004,49.68463
133,1571936144747837130.png,15,1571936124880859228.png,-0.04553534,-0.048993565,-0.00022232533,0.0027438262,-0.007888836,1.8879186,1.8643494,1.2404852,0.019328713,0.031349123,0.020120144,49.116203
34,1571936128048574531.png,16,1571936125047737910.png,-0.12502183,-0.037663165,-0.017694311,0.0037575373,-0.007725847,1.912827,1.1190004,0.3798101,0.0061819553,0.029620886,0.018899024,49.690567
133,1571936144747837130.png,16,1571936125047737910.png,-0.04549454,-0.04888355,-0.00019318238,0.0027326653,-0.007880864,1.8866796,1.8646944,1.2410792,0.019380212,0.03144443,0.020187914,49.08458
133,1571936144747837130.png,17,1571936125214146555.png,-0.1228658,-0.036980137,-0.017192809,0.0027380073,-0.007883315,1.8839426,1.1390655,0.39229882,0.006813705,0.03165239,0.02033633,49.01627
133,1571936144747837130.png,18,1571936125380895445.png,-0.045431122,-0.04876005,-0.0001729615,0.0027328888,-0.007883473,1.8851278,1.8651066,1.2419214,0.019451201,0.03156084,0.020270705,49.046524
133,1571936144747837130.png,19,1571936125547582561.png,-0.12291867,-0.03698535,-0.017193215,0.0027622068,-0.007893854,1.8849767,1.1385144,0.3919319,0.0067940354,0.031573713,0.020280004,49.04236
133,1571936144747837130.png,20,1571936125714096753.png,-0.045473322,-0.048840366,-0.00018269569,0.0027145455,-0.007889011,1.8858266,1.8650064,1.2416031,0.0194242,0.03150505,0.020231187,49.064953
133,1571936144747837130.png,21,1571936125881015578.png,-0.045440644,-0.04877702,-0.00016554445,0.002710321,-0.007887029,1.8850379,1.8652265,1.2420108,0.019459426,0.031564236,0.020273209,49.045578
133,1571936144747837130.png,22,1571936126047444142.png,-0.045439348,-0.048777707,-0.00016643852,0.0027401382,-0.007893731,1.8853103,1.8650261,1.2418553,0.019444764,0.031545103,0.020259976,49.05185
133,1571936144747837130.png,23,1571936126214206575.png,-0.045414127,-0.04870429,-0.00016848743,0.0027488628,-0.007899149,1.8846939,1.865154,1.2421427,0.019469082,0.03159249,0.020293593,49.036346
133,1571936144747837130.png,24,1571936126381138743.png,-0.122875325,-0.036961444,-0.017175237,0.002722391,-0.007896393,1.8840688,1.1391088,0.39233887,0.0068149567,0.03163737,0.020325422,49.02182
133,1571936144747837130.png,25,1571936126548607381.png,-0.12281755,-0.03694863,-0.01715794,0.0027225772,-0.007898134,1.8834095,1.139475,0.3925799,0.0068276525,0.031688333,0.0203619,49.005165
132,1571936144581037148.png,26,1571936126714112657.png,-0.045770064,-0.049701877,-0.00035870075,0.002758258,-0.007886297,1.8953431,1.8623295,1.236706,0.019011676,0.030783713,0.019718885,49.304707
133,1571936144747837130.png,26,1571936126714112657.png,-0.122817315,-0.036955193,-0.017145818,0.00271424,-0.007900144,1.88328,1.1395715,0.39264965,0.00683105,0.03169477,0.02036637,49.003204
133,1571936144747837130.png,27,1571936126880908584.png,0.09431397,0.10239411,-0.042726967,0.0029362896,-0.007947507,1.8823243,0.26041853,0.13785142,0.008111715,0.03178507,0.020432174,48.97368
133,1571936144747837130.png,28,1571936127047716173.png,-0.12259511,-0.036935464,-0.017062815,0.0027973065,-0.007920285,1.8817962,1.1401999,0.39308882,0.0068544745,0.03181225,0.020451128,48.96493
133,1571936144747837130.png,29,1571936127214525602.png,-0.1226468,-0.036934894,-0.01708291,0.002784201,-0.007919596,1.8823469,1.1399549,0.39291805,0.006845534,0.031769335,0.020420372,48.97899
133,1571936144747837130.png,30,1571936127382252490.png,-0.020380009,0.06360956,-0.05452992,0.0027854452,-0.007923487,1.8825128,0.4325055,0.17039967,0.0044415593,0.031755388,0.020410538,48.983704
132,1571936144581037148.png,31,1571936127547670321.png,-0.045688212,-0.049503446,-0.00035318732,0.0028870637,-0.007918988,1.8941376,1.8621036,1.2371545,0.019043863,0.030882418,0.019789517,49.271683
133,1571936144747837130.png,31,1571936127547670321.png,-0.045244277,-0.048424028,-0.00018017367,0.0028145546,-0.007928326,1.8813812,1.8657968,1.2439159,0.01961428,0.0318439,0.020473659,48.95494
133,1571936144747837130.png,32,1571936127714594364.png,-0.066288635,-0.0062799715,-0.01541931,0.0028644213,-0.007943836,1.8823314,0.31905735,0.17014825,0.0070388317,0.031775594,0.020424664,48.97731
120,1571936142581641825.png,35,1571936128215761463.png,-0.045138627,-0.048717923,-0.00019447505,0.0023610452,-0.0077977395,1.8798752,1.8679051,1.2455499,0.01977539,0.031898618,0.020512283,48.93802
121,1571936142747524004.png,35,1571936128215761463.png,-0.020779718,0.06368601,-0.054322474,0.0023917938,-0.007773214,1.8788469,0.43425357,0.17155981,0.0045086145,0.032008767,0.02058971,48.900208
121,1571936142747524004.png,37,1571936128547562548.png,-0.12230242,-0.037086792,-0.016909951,0.0025203312,-0.007825128,1.8744028,1.1444547,0.39614224,0.007015407,0.032352805,0.020838082,48.7891
135,1571936145081209340.png,39,1571936128881589111.png,-0.04524605,-0.048568897,-0.0002368018,0.003326864,-0.007974583,1.8876014,1.8618797,1.2397175,0.01925397,0.03142762,0.02017343,49.091927
135,1571936145081209340.png,41,1571936129214093300.png,-0.04498788,-0.047982976,-0.00020416826,0.0032968605,-0.007999395,1.8801286,1.8639475,1.2436742,0.019585669,0.031986058,0.020573258,48.90983
73,1571936134614036012.png,54,1571936131447755825.png,-0.12171041,-0.037094414,-0.01674909,0.002720193,-0.0077651916,1.8675859,1.1467035,0.39780396,0.007107854,0.03292215,0.021241665,48.607178
73,1571936134614036012.png,55,1571936131614137356.png,-0.12181433,-0.037139483,-0.01681097,0.0027420009,-0.0077516874,1.8691044,1.1456854,0.39712733,0.0070724487,0.032808065,0.021159768,48.642563
75,1571936134947307772.png,55,1571936131614137356.png,-0.04502386,-0.048163734,-0.0001373291,0.003078916,-0.007823941,1.881397,1.8641378,1.2423432,0.019503593,0.03188628,0.020500124,48.93804
75,1571936134947307772.png,56,1571936131780785891.png,-0.045104884,-0.048339427,-0.00015955418,0.0030424977,-0.007824122,1.883024,1.8638844,1.241596,0.019440472,0.03175664,0.020407498,48.980446
106,1571936140147712075.png,64,1571936133113990774.png,-0.12318065,-0.03695424,-0.017307857,0.0021494338,-0.007807472,1.8918525,1.1365296,0.39070684,0.006723404,0.030955017,0.019851029,49.24653
107,1571936140314955556.png,64,1571936133113990774.png,-0.04588142,-0.049565725,-1.4945865e-05,0.0019910643,-0.00776961,1.8958676,1.8630798,1.2383884,0.019145608,0.03064406,0.019635916,49.349922
108,1571936140514266867.png,64,1571936133113990774.png,-0.12302647,-0.03710311,-0.017165972,0.0026365677,-0.007827819,1.8882583,1.1365921,0.39086437,0.006736815,0.03128779,0.020079732,49.135582
109,1571936140681065837.png,64,1571936133113990774.png,-0.12258961,-0.036968127,-0.017046371,0.0023735473,-0.00787582,1.8872404,1.1385545,0.39212662,0.006798506,0.03131336,0.020106196,49.128307
203,1571936156482392243.png,64,1571936133113990774.png,-0.12338454,-0.037110366,-0.017281422,0.002993823,-0.007874581,1.8959391,1.131629,0.38753968,0.0065651536,0.030759215,0.019706368,49.30993
204,1571936156648143821.png,64,1571936133113990774.png,-0.04580848,-0.049590655,-0.00037302822,0.003030301,-0.007865799,1.8988113,1.8593044,1.2339365,0.018782437,0.030553043,0.019558668,49.37954
209,1571936157481649928.png,64,1571936133113990774.png,-0.045958653,-0.04968176,-0.0003306903,0.00268332,-0.00786925,1.90138,1.8591251,1.234,0.018766522,0.03031379,0.01939702,49.46174
210,1571936157648775895.png,64,1571936133113990774.png,-0.045939095,-0.049686395,-0.0003424883,0.0026965374,-0.007834072,1.9008373,1.8592985,1.2339964,0.018773317,0.03036207,0.019429564,49.444786
221,1571936159481507921.png,64,1571936133113990774.png,-0.046046436,-0.04975883,-7.0139766e-05,0.002190628,-0.007801772,1.8992647,1.8611459,1.2357259,0.018930674,0.030415893,0.019476056,49.425125
154,1571936148264443367.png,65,1571936133280770817.png,-0.12371396,-0.036920894,-0.017561084,0.0026277686,-0.007885312,1.9064832,1.1281242,0.3851223,0.00643605,0.029944718,0.019136488,49.58726
154,1571936148264443367.png,66,1571936133447344456.png,-0.12394192,-0.036989607,-0.017638536,0.0026344368,-0.007874281,1.9100401,1.126235,0.3838892,0.0063731074,0.029690623,0.018957853,49.674828
153,1571936148081292433.png,67,1571936133617815639.png,-0.046268836,-0.050453626,-0.00065202266,0.0031821886,-0.008055084,1.917319,1.8525363,1.2262573,0.018094182,0.02918458,0.018606305,49.85488
157,1571936148748115950.png,70,1571936134114025426.png,-0.045707703,-0.049468406,-0.00040956587,0.0028731013,-0.0077029234,1.8948001,1.861148,1.2356575,0.018945336,0.03086847,0.019778252,49.270924
158,1571936148914743873.png,72,1571936134447753023.png,-0.04538905,-0.048850216,-0.00029549748,0.0028276453,-0.0076643014,1.8867141,1.8638918,1.2394867,0.019277751,0.03148234,0.02021116,49.06656
159,1571936149082321825.png,74,1571936134780708777.png,0.054196022,-0.02884861,0.003437446,0.0034896666,-0.007832431,1.901984,1.1201295,0.55941635,0.010495663,0.030387819,0.019437611,49.433174
160,1571936149248225076.png,74,1571936134780708777.png,-0.12313265,-0.037458893,-0.017271088,0.0028628567,-0.007630081,1.8833089,1.1375324,0.39163703,0.00678277,0.03175342,0.020403385,48.977703
161,1571936149414861737.png,74,1571936134780708777.png,-0.02095579,0.064222515,-0.054619342,0.0025877142,-0.0076353094,1.883997,0.43105352,0.16981459,0.0044066906,0.031657934,0.020336151,49.01013
162,1571936149581521030.png,74,1571936134780708777.png,-0.045549423,-0.049060218,-0.00016752258,0.0025688568,-0.007787402,1.8897817,1.8636963,1.2394084,0.019247353,0.031178713,0.020000696,49.170288
158,1571936148914743873.png,75,1571936134947307772.png,-0.12145042,-0.036764033,-0.016645914,0.0027841786,-0.007978191,1.876056,1.1434597,0.39549494,0.006974995,0.032214224,0.020750105,48.833496
159,1571936149082321825.png,75,1571936134947307772.png,0.012438558,0.017727412,-0.10414398,0.005553403,-0.008303893,1.925995,0.3304476,0.22590101,0.010357976,0.028824806,0.018334687,49.98433
162,1571936149581521030.png,76,1571936135114016982.png,-0.06831002,-0.006198738,-0.01479152,0.0030229622,-0.0076619824,1.8966098,0.31366593,0.16645306,0.006726444,0.030748487,0.019691527,49.309376
164,1571936149948055527.png,77,1571936135281093605.png,-0.12337806,-0.03735161,-0.01739292,0.0025732452,-0.007627315,1.8845439,1.1379724,0.3917032,0.00678581,0.031627357,0.020311654,49.02087
165,1571936150114694762.png,77,1571936135281093605.png,-0.123296015,-0.037165046,-0.017310726,0.0027203346,-0.007768114,1.8867989,1.1368493,0.39091963,0.0067428946,0.031442285,0.020182192,49.083435
166,1571936150281694334.png,77,1571936135281093605.png,-0.04516094,-0.04825557,-9.538978e-05,0.0028575743,-0.007830034,1.8812194,1.865207,1.2430433,0.019559383,0.0318743,0.020491362,48.94288
167,1571936150448263346.png,77,1571936135281093605.png,-0.045288548,-0.04844469,-0.00014874712,0.0028098458,-0.007869798,1.8831568,1.864743,1.2423223,0.019488752,0.031713545,0.020377636,48.996338
161,1571936149414861737.png,78,1571936135447343278.png,-0.12349417,-0.037208524,-0.01736915,0.0037535736,-0.007992675,1.9052114,1.1253237,0.3830595,0.006346464,0.03016305,0.019278824,49.512672
162,1571936149581521030.png,78,1571936135447343278.png,-0.0477885,-0.054286785,-0.0020162389,0.007562236,-0.008470823,1.9948485,1.8167192,1.1794765,0.014611065,0.024579763,0.0153644085,51.630165
163,1571936149782263697.png,78,1571936135447343278.png,-0.12454883,-0.037486,-0.017602893,0.0029489705,-0.007605166,1.8992262,1.1286464,0.38589567,0.0064836144,0.030551255,0.019551158,49.374916
164,1571936149948055527.png,78,1571936135447343278.png,-0.06793025,-0.006013587,-0.014791163,0.00268899,-0.0075832317,1.8873395,0.31702352,0.16878927,0.006925106,0.03144175,0.020179689,49.080307
165,1571936150114694762.png,78,1571936135447343278.png,-0.12318667,-0.037178945,-0.017286917,0.0026288787,-0.0077249305,1.8837588,1.1386013,0.39212072,0.0068054795,0.0316751,0.020347238,49.006668
166,1571936150281694334.png,78,1571936135447343278.png,-0.12278854,-0.037068352,-0.01714977,0.0028630206,-0.007819873,1.8824755,1.1389234,0.39232296,0.006817639,0.03178668,0.020428061,48.97123
167,1571936150448263346.png,78,1571936135447343278.png,-0.045589983,-0.04915852,-0.00028700382,0.0027264664,-0.0078070154,1.8906128,1.8634497,1.2384764,0.019172966,0.031154215,0.019976735,49.17964
164,1571936149948055527.png,79,1571936135613960354.png,-0.045232378,-0.048727684,-0.0002579838,0.0028121108,-0.007574356,1.886127,1.8644183,1.2399492,0.019315839,0.031550646,0.020256937,49.0437
165,1571936150114694762.png,79,1571936135613960354.png,0.012107698,0.019300245,-0.101396106,0.0025840634,-0.007705017,1.8775508,0.34906358,0.24154401,0.012019336,0.032146633,0.020685017,48.853195
167,1571936150448263346.png,79,1571936135613960354.png,0.053955626,-0.028457753,0.003208147,0.0026935795,-0.0078031914,1.8867974,1.129734,0.56793666,0.011015475,0.031434774,0.02017647,49.08705
164,1571936149948055527.png,80,1571936135780747684.png,-0.045327216,-0.048833795,-0.00047748536,0.002962024,-0.007545165,1.8900652,1.8630662,1.2377377,0.019131482,0.031262934,0.02005148,49.137165
168,1571936150615023266.png,80,1571936135780747684.png,-0.12259107,-0.03700287,-0.017095922,0.0027608732,-0.007826141,1.879046,1.1409671,0.39366066,0.0068870187,0.032038093,0.020607054,48.890358
163,1571936149782263697.png,81,1571936135947675833.png,-0.12583978,-0.037927818,-0.017778369,0.00682477,-0.008363298,1.9721434,1.0852385,0.35683393,0.0051305294,0.025917292,0.016291022,51.082443
164,1571936149948055527.png,81,1571936135947675833.png,-0.12424617,-0.037428092,-0.017550787,0.0029142061,-0.00756397,1.8962798,1.130647,0.38725019,0.0065547824,0.030774236,0.019708335,49.299236
165,1571936150114694762.png,81,1571936135947675833.png,-0.045375332,-0.04920446,-0.00016335398,0.0026456276,-0.0075076343,1.8905041,1.8638281,1.2379551,0.01916027,0.03120464,0.02001071,49.157455
166,1571936150281694334.png,81,1571936135947675833.png,-0.045065135,-0.048316143,-1.0564923e-05,0.0025289962,-0.0077024633,1.8788849,1.8672291,1.2445861,0.019710839,0.032043815,0.02061081,48.88686
167,1571936150448263346.png,81,1571936135947675833.png,0.012468875,0.019181758,-0.10125767,0.0026427442,-0.007842015,1.8778269,0.34906483,0.24148214,0.012014151,0.032105863,0.020658195,48.868645
162,1571936149581521030.png,82,1571936136114239322.png,-0.045451954,-0.048716985,-0.000118777156,0.0027410695,-0.007889577,1.8865454,1.8640151,1.240876,0.01936233,0.03142941,0.020179689,49.088505
163,1571936149782263697.png,82,1571936136114239322.png,-0.12473779,-0.037534148,-0.017519059,0.005528749,-0.008212791,1.9432824,1.1025188,0.3679399,0.0056242347,0.027671099,0.017518759,50.406452
164,1571936149948055527.png,82,1571936136114239322.png,-0.045697168,-0.04922849,-0.00042327866,0.0029306347,-0.0076555414,1.8937292,1.8612893,1.2353284,0.018936217,0.030954301,0.019842446,49.238216
165,1571936150114694762.png,82,1571936136114239322.png,-0.12404216,-0.03755811,-0.01756146,0.0027263174,-0.007484923,1.8938723,1.1327,0.3883052,0.0066103935,0.030960381,0.01983422,49.239384
166,1571936150281694334.png,82,1571936136114239322.png,0.09428571,0.103710264,-0.04300997,0.0025210017,-0.0075796256,1.8881937,0.25878865,0.13672936,0.007987797,0.031360745,0.020122647,49.107765
167,1571936150448263346.png,82,1571936136114239322.png,-0.12276184,-0.037129007,-0.017136527,0.002508902,-0.007790764,1.8788471,1.1416007,0.39413935,0.006910801,0.032019675,0.020596683,48.895832
163,1571936149782263697.png,83,1571936136281226208.png,-0.045949146,-0.050004892,-0.00078021735,0.0045328448,-0.008102831,1.9181995,1.8484502,1.221964,0.017764807,0.029297411,0.018665671,49.81527
165,1571936150114694762.png,83,1571936136281226208.png,-0.12392836,-0.037522703,-0.017436368,0.0028906101,-0.00753864,1.8932083,1.1325656,0.3883624,0.006613791,0.031003118,0.019867301,49.224392
166,1571936150281694334.png,83,1571936136281226208.png,-0.12391629,-0.037681185,-0.017590502,0.00260079,-0.0074911183,1.8934227,1.1332959,0.3885516,0.00662452,0.0309847,0.019854426,49.23098
164,1571936149948055527.png,84,1571936136480810655.png,0.011548041,0.017156668,-0.10564095,0.006104932,-0.008275601,1.9516506,0.32137173,0.21877974,0.009657383,0.027169168,0.017168105,50.592407
166,1571936150281694334.png,84,1571936136480810655.png,-0.04532142,-0.049171634,-0.0005325377,0.00293208,-0.0075006774,1.8932492,1.8625578,1.2363957,0.019025445,0.031027079,0.019882679,49.21614
167,1571936150448263346.png,84,1571936136480810655.png,-0.123809166,-0.037597813,-0.017579747,0.002602593,-0.007519937,1.8915951,1.1341428,0.38913095,0.006654203,0.031118631,0.019949734,49.186626
164,1571936149948055527.png,85,1571936136647661421.png,-0.046362415,-0.05112032,-0.0012598932,0.0058286497,-0.008285138,1.9417739,1.8372111,1.2079664,0.016665995,0.027799487,0.01760745,50.358055
167,1571936150448263346.png,85,1571936136647661421.png,-0.12374567,-0.037528478,-0.017501438,0.002841928,-0.007509188,1.8922734,1.1332816,0.38867337,0.00663203,0.031086802,0.019926846,49.196144
169,1571936150781517694.png,86,1571936136814235784.png,-0.12311792,-0.03749694,-0.017359072,0.0026358226,-0.007609564,1.8840494,1.138052,0.3917148,0.0067892075,0.031687975,0.020354927,49.000977
170,1571936150948074168.png,86,1571936136814235784.png,-0.045003638,-0.048219264,-7.480383e-06,0.0025490308,-0.007745224,1.8774716,1.8674524,1.2453057,0.0197711,0.03215164,0.020686805,48.853535
171,1571936151114671008.png,87,1571936136981604142.png,-0.04493223,-0.04795686,8.930266e-05,0.002571107,-0.007757337,1.874315,1.8681827,1.2469168,0.019906998,0.03239286,0.020860791,48.77578
171,1571936151114671008.png,88,1571936137147349506.png,-0.044891655,-0.048112623,1.3157725e-05,0.0025521899,-0.0077080494,1.8756342,1.8678901,1.2462373,0.019851208,0.032294333,0.020790517,48.80655
174,1571936151614739971.png,92,1571936137814684448.png,-0.045088485,-0.048597336,9.1940165e-06,0.0026675696,-0.0075944634,1.8822328,1.8655733,1.2421517,0.019510567,0.03183192,0.020457745,48.95349
175,1571936151798254081.png,92,1571936137814684448.png,-0.121860795,-0.037125338,-0.016845511,0.0027432004,-0.007782028,1.8709981,1.1450518,0.39651382,0.0070391893,0.03266555,0.021055877,48.689346
181,1571936152781983334.png,96,1571936138481228773.png,-0.045091823,-0.04856489,-0.00023259223,0.0027160058,-0.007666829,1.8814011,1.8658957,1.2427772,0.019551873,0.03187895,0.020490646,48.93971
180,1571936152614709210.png,98,1571936138814139479.png,-0.12562881,-0.03779932,-0.01769344,0.0062884474,-0.008292659,1.9626988,1.0910536,0.36068612,0.0052955747,0.026452124,0.01666689,50.87069
181,1571936152781983334.png,98,1571936138814139479.png,-0.12481361,-0.037573397,-0.017641874,0.004083351,-0.007892513,1.9191644,1.116162,0.3774358,0.006066799,0.029202819,0.018598437,49.843697
182,1571936152948469324.png,100,1571936139147961046.png,-0.1231456,-0.03721451,-0.017064625,0.004884624,-0.008197044,1.9145684,1.1182902,0.37840873,0.006119728,0.02958566,0.01886952,49.71414
183,1571936153114546545.png,100,1571936139147961046.png,-0.04654886,-0.051587693,-0.0013760999,0.0058910856,-0.008233494,1.9467142,1.835629,1.2051826,0.016461432,0.02747029,0.017377675,50.479652
176,1571936151964966503.png,101,1571936139314410352.png,-0.045192614,-0.048202492,-0.000102151185,0.0027318904,-0.007902873,1.8797239,1.866001,1.2446072,0.019679725,0.031959593,0.020553231,48.918
182,1571936152948469324.png,101,1571936139314410352.png,-0.045364425,-0.0485121,-0.0002225563,0.0033455351,-0.007960073,1.8901453,1.8608127,1.2379904,0.01910752,0.031232536,0.020038068,49.15282
217,1571936158815148468.png,103,1571936139647932424.png,-0.045657188,-0.049224347,-6.0718507e-05,0.0022910247,-0.007803657,1.890857,1.8640759,1.2397046,0.019271135,0.031060517,0.019921124,49.210594
218,1571936158982234439.png,103,1571936139647932424.png,-0.04588817,-0.04956273,-2.6613474e-05,0.002038532,-0.007758883,1.8953836,1.8633184,1.2382797,0.019142926,0.030696094,0.019669175,49.332138
219,1571936159148192206.png,103,1571936139647932424.png,-0.045795187,-0.04936616,-1.7445534e-05,0.0020959089,-0.0077386284,1.8921635,1.8642908,1.2392757,0.019237876,0.030956626,0.019849062,49.244095
220,1571936159314937728.png,103,1571936139647932424.png,-0.12352284,-0.03707922,-0.01751255,0.0021173516,-0.0077389805,1.8917443,1.1358855,0.3902582,0.0067044497,0.030987918,0.01987195,49.233162
191,1571936154447971702.png,104,1571936139814267649.png,-0.045434624,-0.048814528,-0.0005569644,0.004411609,-0.008233749,1.9022616,1.8529162,1.2306547,0.018452525,0.03039819,0.019449055,49.43602
218,1571936158982234439.png,104,1571936139814267649.png,-0.122669555,-0.03695608,-0.017061116,0.0026342208,-0.007841601,1.8809068,1.1403744,0.39336526,0.006868422,0.031857133,0.020480812,48.94985
191,1571936154447971702.png,105,1571936139981129576.png,-0.044962056,-0.047627017,-2.8707087e-05,0.0028906623,-0.008004309,1.8764944,1.8661606,1.2468921,0.019848526,0.032194734,0.020729542,48.84227
192,1571936154614752757.png,105,1571936139981129576.png,0.055422436,-0.02932404,0.003863582,0.0043892125,-0.008189485,1.8963615,1.1196188,0.56131,0.010604024,0.030845404,0.01976484,49.284096
217,1571936158815148468.png,106,1571936140147712075.png,-0.0458771,-0.049670808,-0.00028668344,0.002688081,-0.007872446,1.8993089,1.8604106,1.2348969,0.018853962,0.03047061,0.019501984,49.409256
219,1571936159148192206.png,106,1571936140147712075.png,-0.045620665,-0.049116373,-0.0001996383,0.0026285434,-0.007854438,1.8915875,1.8626951,1.238751,0.01917851,0.031043172,0.019907713,49.216198
221,1571936159481507921.png,106,1571936140147712075.png,-0.04580336,-0.04933402,-2.361089e-05,0.0022089789,-0.0077566793,1.8926771,1.863602,1.2387896,0.019193709,0.030936778,0.019833326,49.251114
222,1571936159648934979.png,106,1571936140147712075.png,0.012304329,0.019142687,-0.10149769,0.002509185,-0.007762204,1.8838108,0.34712076,0.24000943,0.011854827,0.031644523,0.020327747,49.017986
203,1571936156482392243.png,107,1571936140314955556.png,-0.120458595,-0.036653787,-0.016283514,0.003293627,-0.007948094,1.8606746,1.1498749,0.3998621,0.0072205067,0.033506513,0.02166617,48.426796
209,1571936157481649928.png,107,1571936140314955556.png,-0.020520892,0.063701734,-0.054595336,0.002706022,-0.00783622,1.8827964,0.43207455,0.1701783,0.0044299364,0.031729102,0.020391047,48.99025
210,1571936157648775895.png,107,1571936140314955556.png,-0.12297455,-0.03702279,-0.017143494,0.002813072,-0.007851423,1.8849678,1.1378721,0.3916179,0.0067774057,0.031576574,0.020281434,49.040207
221,1571936159481507921.png,107,1571936140314955556.png,-0.020623948,0.06373902,-0.054498717,0.0025252858,-0.007813505,1.881241,0.43276173,0.17059815,0.004455328,0.031824052,0.020459533,48.958794
221,1571936159481507921.png,109,1571936140681065837.png,-0.12236882,-0.036899567,-0.017002521,0.0027803937,-0.007924001,1.8855392,1.1380005,0.39168942,0.0067804456,0.031503797,0.020238876,49.06418
230,1571936160982088450.png,114,1571936141547641059.png,0.01241795,0.018860586,-0.102275364,0.0038016671,-0.007983546,1.8900266,0.34374797,0.23691094,0.011508644,0.031280994,0.020073831,49.135357
228,1571936160648055472.png,116,1571936141880910681.png,-0.045043156,-0.048143253,-0.00012275949,0.0027815858,-0.00790028,1.8789576,1.8661491,1.2449613,0.019711554,0.032016635,0.020596504,48.898483
229,1571936160814783407.png,116,1571936141880910681.png,-0.122358315,-0.03698992,-0.016995361,0.0028354088,-0.007858212,1.8782783,1.1413894,0.39396107,0.0069036484,0.032092273,0.020649254,48.872375
228,1571936160648055472.png,117,1571936142047421386.png,-0.04549341,-0.048901416,-0.00011344254,0.0029041478,-0.00793895,1.8892967,1.8627173,1.2394685,0.0192402,0.031231463,0.020041645,49.154175
237,1571936162164621779.png,123,1571936143080830653.png,-0.019192215,0.06463826,-0.057150215,0.005816334,-0.008222095,1.9371794,0.40863132,0.15647256,0.0036612153,0.028121531,0.017832935,50.23742
238,1571936162315256582.png,123,1571936143080830653.png,0.011840532,0.018317714,-0.10361278,0.004626357,-0.007981961,1.91343,0.3349657,0.22986084,0.010769069,0.029676497,0.018929422,49.679214
239,1571936162498301416.png,123,1571936143080830653.png,-0.12298759,-0.037259713,-0.01723901,0.0031331563,-0.007669109,1.8843584,1.136453,0.39099026,0.0067498684,0.03169298,0.020364225,48.99576
237,1571936162164621779.png,124,1571936143247853212.png,-0.1236364,-0.03725066,-0.017256843,0.0047694007,-0.008156174,1.9211948,1.1154747,0.3765167,0.006026566,0.02912718,0.018544436,49.87629
252,1571936164647976350.png,125,1571936143414652684.png,0.012903694,-0.039555654,0.057652064,0.0029760012,-0.0077053597,1.8734183,0.32406396,0.18285191,0.011887729,0.03251052,0.020944118,48.73671
238,1571936162315256582.png,126,1571936143580947461.png,-0.065424636,-0.0059904363,-0.01565841,0.0028527612,-0.007888853,1.8722637,0.3226254,0.17273319,0.007255554,0.03253627,0.020976841,48.73152
251,1571936164498074100.png,126,1571936143580947461.png,-0.122545265,-0.0372194,-0.016984617,0.0035620416,-0.0078069726,1.884655,1.1356527,0.39041698,0.0067201853,0.031698167,0.020367444,48.99662
224,1571936159981582861.png,144,1571936146581683542.png,-0.0449401,-0.04797648,4.9155205e-05,0.002510027,-0.007811119,1.8739253,1.868429,1.2475941,0.019957423,0.032390893,0.020863473,48.776802
